filename,status,instruction_count,unique_instructions,size,reason
6rdcalc.asm,VALID,377,31,5565,
[.asm,VALID,62756,70,944931,
[[.asm,VALID,62756,70,944931,
adb.asm,VALID,20424,63,303682,
addpart.asm,VALID,1286,46,19111,
addr2line.asm,VALID,3106,45,47483,
address6.asm,VALID,6213,51,95220,
agetty.asm,VALID,5485,56,84653,
alive6.asm,VALID,10421,57,160438,
ar.asm,VALID,7000,48,107817,
aread.asm,VALID,376,28,5533,
arping.asm,VALID,1549,43,23897,
arptables.asm,VALID,6882,46,104614,
as.asm,VALID,69159,63,1080030,
ash.asm,VALID,62756,70,944931,
atm-atmdiag_2.5.2-5_mipsel_mips32_atmdiag.asm,VALID,357,30,5243,
atm-atmdump_2.5.2-5_mipsel_mips32_atmdump.asm,VALID,588,38,8882,
atm-awrite_2.5.2-5_mipsel_mips32_awrite.asm,VALID,320,27,4646,
atm-debug-tools_2.5.2-5_mipsel_mips32_aread.asm,VALID,376,28,5533,
atm-debug-tools_2.5.2-5_mipsel_mips32_atmaddr.asm,VALID,491,38,7532,
atm-debug-tools_2.5.2-5_mipsel_mips32_atmdiag.asm,VALID,357,30,5243,
atm-debug-tools_2.5.2-5_mipsel_mips32_atmdump.asm,VALID,588,38,8882,
atm-debug-tools_2.5.2-5_mipsel_mips32_atmloop.asm,VALID,489,33,7200,
atm-debug-tools_2.5.2-5_mipsel_mips32_atmsigd.asm,VALID,13189,58,208309,
atm-debug-tools_2.5.2-5_mipsel_mips32_atmswitch.asm,VALID,528,37,8001,
atm-debug-tools_2.5.2-5_mipsel_mips32_atmtcp.asm,VALID,1622,42,24149,
atm-debug-tools_2.5.2-5_mipsel_mips32_awrite.asm,VALID,320,27,4646,
atm-debug-tools_2.5.2-5_mipsel_mips32_bus.asm,VALID,3887,46,60024,
atm-debug-tools_2.5.2-5_mipsel_mips32_esi.asm,VALID,402,28,5817,
atm-debug-tools_2.5.2-5_mipsel_mips32_ilmid.asm,VALID,8249,54,123749,
atm-debug-tools_2.5.2-5_mipsel_mips32_ilmidiag.asm,VALID,294,27,4266,
atm-debug-tools_2.5.2-5_mipsel_mips32_lecs.asm,VALID,2780,49,42121,
atm-debug-tools_2.5.2-5_mipsel_mips32_les.asm,VALID,5134,47,79784,
atm-debug-tools_2.5.2-5_mipsel_mips32_mpcd.asm,VALID,4949,55,76701,
atm-debug-tools_2.5.2-5_mipsel_mips32_saaldump.asm,VALID,3275,52,54214,
atm-debug-tools_2.5.2-5_mipsel_mips32_sonetdiag.asm,VALID,500,31,7490,
atm-debug-tools_2.5.2-5_mipsel_mips32_svc_recv.asm,VALID,494,31,7490,
atm-debug-tools_2.5.2-5_mipsel_mips32_svc_send.asm,VALID,401,32,5976,
atm-debug-tools_2.5.2-5_mipsel_mips32_ttcp_atm.asm,VALID,1935,44,29627,
atm-debug-tools_2.5.2-5_mipsel_mips32_zeppelin.asm,VALID,7264,58,113541,
atm-diagnostics_2.5.2-5_mipsel_mips32_aread.asm,VALID,376,28,5533,
atmaddr.asm,VALID,491,38,7532,
atmarp.asm,VALID,581,34,8624,
atmarpd.asm,VALID,5482,52,81943,
atmdiag.asm,VALID,357,30,5243,
atmdump.asm,VALID,588,38,8882,
atmloop.asm,VALID,489,33,7200,
atmsigd.asm,VALID,13189,58,208309,
atmswitch.asm,VALID,528,37,8001,
atmtcp.asm,VALID,1622,42,24149,
awk.asm,VALID,62756,70,944931,
awrite.asm,VALID,320,27,4646,
badblocks.asm,VALID,1879,47,29486,
basename.asm,VALID,62756,70,944931,
binutils_2.27-1_mipsel_mips32_strings.asm,VALID,2869,39,44106,
blkdiscard.asm,VALID,1809,46,27250,
blkid.asm,VALID,8533,52,130395,
br2684ctl.asm,VALID,888,33,13334,
brctl.asm,VALID,62756,70,944931,
bridge.asm,VALID,4495,51,69395,
bsdiff.asm,VALID,2091,37,31916,
bspatch.asm,VALID,744,35,11158,
bunzip2.asm,VALID,62756,70,944931,
bus.asm,VALID,3887,46,60024,
busybox.asm,VALID,62756,70,944931,
busybox_1.25.1-4_mipsel_mips32_ip.asm,VALID,62756,70,944931,
bzcat.asm,VALID,62756,70,944931,
bzip2.asm,VALID,3987,40,61710,
bzip2_1.0.6-4_mipsel_mips32_bzip2.asm,VALID,3987,40,61710,
c++filt.asm,VALID,2473,36,37905,
cachegrind-mips32-linux.asm,VALID,238366,110,3050098,
cal.asm,VALID,5991,57,92175,
callgrind-mips32-linux.asm,VALID,263886,131,3380669,
cat.asm,VALID,62756,70,944931,
cfdisk.asm,VALID,11168,54,171584,
cg_merge.asm,VALID,2412,38,35444,
chat.asm,VALID,3080,41,46612,
chattr.asm,VALID,700,32,11069,
chgrp.asm,VALID,62756,70,944931,
chmod.asm,VALID,62756,70,944931,
chown.asm,VALID,62756,70,944931,
chroot.asm,VALID,62756,70,944931,
clear.asm,VALID,62756,70,944931,
clockdiff.asm,VALID,1119,48,17169,
cmp.asm,VALID,62756,70,944931,
conntrack.asm,VALID,3904,48,58833,
conntrackd.asm,VALID,43141,79,348117,
covert_send6.asm,VALID,5688,51,87236,
covert_send6d.asm,VALID,5688,51,87236,
cp.asm,VALID,62756,70,944931,
crond.asm,VALID,62756,70,944931,
crontab.asm,VALID,62756,70,944931,
curl.asm,VALID,8618,50,131171,
cut.asm,VALID,62756,70,944931,
date.asm,VALID,62756,70,944931,
dbclient.asm,VALID,29448,64,439941,
dd.asm,VALID,62756,70,944931,
debugfs.asm,VALID,19845,64,303615,
delpart.asm,VALID,1249,44,18530,
denial6.asm,VALID,6845,51,105395,
detect-new-ip6.asm,VALID,6003,51,92236,
detect_sniffer6.asm,VALID,6181,51,94910,
df.asm,VALID,62756,70,944931,
dirname.asm,VALID,62756,70,944931,
dmesg.asm,VALID,62756,70,944931,
dmesg_2.29.2-1_mipsel_mips32_dmesg.asm,VALID,4696,55,71541,
dnsdict6.asm,VALID,2243,46,34681,
dnsmasq-dhcpv6_2.78-6_mipsel_mips32_dnsmasq.asm,VALID,46266,59,700297,
dnsmasq.asm,VALID,49284,59,745103,
dnsmasq_2.78-6_mipsel_mips32_dnsmasq.asm,VALID,37871,59,571061,
dnsrevenum6.asm,VALID,6672,51,102718,
dos-new-ip6.asm,VALID,6041,51,92846,
drd-mips32-linux.asm,VALID,265866,130,3432136,
dropbear.asm,VALID,29448,64,439941,
dropbearconvert.asm,VALID,6434,57,95943,
dropbearkey.asm,VALID,29448,64,439941,
du.asm,VALID,62756,70,944931,
dump_router6.asm,VALID,5923,52,90825,
dumpe2fs.asm,VALID,5671,49,86027,
e2freefrag.asm,VALID,888,39,13512,
e2fsck.asm,VALID,52012,69,797125,
ead.asm,VALID,32710,92,463523,
eapol_test.asm,VALID,105280,65,1586752,
ebtables-restore.asm,VALID,509,29,7763,
ebtables.asm,VALID,180,25,2608,
echo.asm,VALID,62756,70,944931,
egrep.asm,VALID,62756,70,944931,
elfedit.asm,VALID,3780,41,57616,
env.asm,VALID,62756,70,944931,
esi.asm,VALID,402,28,5817,
exploit6.asm,VALID,7361,54,113163,
expr.asm,VALID,62756,70,944931,
f2fstat.asm,VALID,781,32,11983,
fake_advertise6.asm,VALID,6593,53,101302,
fake_dhcps6.asm,VALID,6635,52,102282,
fake_dns6d.asm,VALID,6104,51,93691,
fake_dnsupdate6.asm,VALID,5961,51,91405,
fake_mipv6.asm,VALID,5956,52,91481,
fake_mld26.asm,VALID,6300,51,96857,
fake_mld6.asm,VALID,6231,51,95703,
fake_mldrouter6.asm,VALID,6036,51,92614,
fake_router26.asm,VALID,8053,53,123881,
fake_router6.asm,VALID,6642,53,102077,
fake_solicitate6.asm,VALID,6410,52,98296,
false.asm,VALID,62756,70,944931,
fconfig.asm,VALID,1550,39,23448,
fdisk.asm,VALID,10740,55,163208,
fgrep.asm,VALID,62756,70,944931,
fibmap.f2fs.asm,VALID,542,34,8101,
filefrag.asm,VALID,1666,51,26014,
find.asm,VALID,62756,70,944931,
findfs.asm,VALID,370,26,5469,
findmnt.asm,VALID,4834,50,73961,
flock.asm,VALID,1902,46,28634,
flood_advertise6.asm,VALID,6033,51,92629,
flood_dhcpc6.asm,VALID,6505,51,99969,
flood_mld26.asm,VALID,6026,51,92525,
flood_mld6.asm,VALID,5973,51,91596,
flood_mldrouter6.asm,VALID,5926,51,90881,
flood_router26.asm,VALID,6883,52,105900,
flood_router6.asm,VALID,6467,53,99335,
flood_solicitate6.asm,VALID,6136,51,94211,
fragmentation6.asm,VALID,9384,52,143917,
free.asm,VALID,62756,70,944931,
fsck.ext2.asm,VALID,52012,69,797125,
fsck.ext3.asm,VALID,52012,69,797125,
fsck.ext4.asm,VALID,52012,69,797125,
fsck.f2fs.asm,VALID,18971,61,296909,
fsync.asm,VALID,62756,70,944931,
fusermount.asm,VALID,2606,40,38638,
fuzz_dhcpc6.asm,VALID,7750,54,119087,
fuzz_dhcps6.asm,VALID,7541,54,116132,
fuzz_ip6.asm,VALID,8585,55,132397,
fw3.asm,VALID,16564,53,245475,
gdb.asm,VALID,613926,222,8872775,
gdbserver.asm,VALID,36424,64,545533,
genl.asm,VALID,2110,42,32507,
getopt.asm,VALID,1066,31,16234,
getrandom.asm,VALID,285,28,4086,
gprof.asm,VALID,18853,54,286338,
grep.asm,VALID,62756,70,944931,
gunzip.asm,VALID,62756,70,944931,
gzip.asm,VALID,62756,70,944931,
halt.asm,VALID,62756,70,944931,
head.asm,VALID,62756,70,944931,
helgrind-mips32-linux.asm,VALID,186837,70,3009949,
hexdump.asm,VALID,62756,70,944931,
hostapd-mini_2016-12-19-ad02e79d-7_mipsel_mips32_hostapd.asm,VALID,60511,63,910381,
hostapd.asm,VALID,167323,67,2518063,
hostapd_2016-12-19-ad02e79d-7_mipsel_mips32_hostapd.asm,VALID,104448,67,1573405,
hostapd_cli.asm,VALID,4317,49,64248,
hwclock.asm,VALID,62756,70,944931,
hwclock_2.29.2-1_mipsel_mips32_hwclock.asm,VALID,4821,53,73725,
iconv.asm,VALID,3496,48,54578,
id.asm,VALID,62756,70,944931,
ifconfig.asm,VALID,62756,70,944931,
iftop.asm,VALID,7422,55,113042,
igmpproxy.asm,VALID,4589,52,68944,
ilmid.asm,VALID,8249,54,123749,
ilmidiag.asm,VALID,294,27,4266,
implementation6.asm,VALID,10443,52,162305,
implementation6d.asm,VALID,6124,51,94180,
insmod.asm,VALID,2056,41,30323,
inverse_lookup6.asm,VALID,5932,51,91010,
ip-tiny_4.4.0-10-cake-legacy_mipsel_mips32_ip.asm,VALID,25019,57,384672,
ip.asm,VALID,35752,57,550180,
iperf.asm,VALID,10012,53,150301,
iperf3.asm,VALID,11495,58,171466,
ipset-dns.asm,VALID,874,43,13362,
ipset.asm,VALID,7301,48,108520,
iptables-restore.asm,VALID,8654,47,132873,
iptables-save.asm,VALID,8654,47,132873,
iptables.asm,VALID,8654,47,132873,
iptaccount.asm,VALID,560,30,8294,
iputils-ping6_20101006-1_mipsel_mips32_ping6.asm,VALID,3789,61,58543,
iputils-ping_20101006-1_mipsel_mips32_ping.asm,VALID,4173,60,64348,
iputils-traceroute6_20101006-1_mipsel_mips32_traceroute6.asm,VALID,1545,45,23775,
iw.asm,VALID,5477,56,82676,
iwcap.asm,VALID,1077,42,16189,
iwconfig.asm,VALID,4911,50,74937,
iwlist.asm,VALID,4911,50,74937,
iwpan.asm,VALID,1470,38,22058,
iwpriv.asm,VALID,4911,50,74937,
jshn.asm,VALID,858,28,12440,
jsonfilter.asm,VALID,1752,45,25744,
kexec-tools_2.0.14-rc1-1_mipsel_mips32_kexec.asm,VALID,13320,52,201690,
kexec.asm,VALID,13320,52,201690,
kill.asm,VALID,62756,70,944931,
kill_router6.asm,VALID,6502,52,99851,
killall.asm,VALID,62756,70,944931,
kmodloader.asm,VALID,2056,41,30323,
ld.asm,VALID,32038,57,492370,
ld.bfd.asm,VALID,32038,57,492370,
lecs.asm,VALID,2780,49,42121,
les.asm,VALID,5134,47,79784,
less.asm,VALID,62756,70,944931,
lldpcli.asm,VALID,9847,45,145788,
lldpctl.asm,VALID,9847,45,145788,
lldpd.asm,VALID,20497,52,320149,
ln.asm,VALID,62756,70,944931,
lock.asm,VALID,62756,70,944931,
logd.asm,VALID,1040,44,15526,
logger.asm,VALID,62756,70,944931,
logger_2.29.2-1_mipsel_mips32_logger.asm,VALID,3058,51,45938,
login.asm,VALID,62756,70,944931,
logread.asm,VALID,1148,35,17371,
look.asm,VALID,727,32,10981,
losetup.asm,VALID,9747,51,149518,
ls.asm,VALID,62756,70,944931,
lsattr.asm,VALID,451,32,7028,
lsblk.asm,VALID,7269,51,112238,
lsmod.asm,VALID,2056,41,30323,
lsusb.asm,VALID,10230,56,155456,
lua.asm,VALID,744,29,11242,
luac.asm,VALID,869,35,13556,
maccalc.asm,VALID,301,26,4397,
mapcalc.asm,VALID,1300,49,19756,
massif-mips32-linux.asm,VALID,241189,106,3094133,
mcookie.asm,VALID,2964,51,45184,
md5sum.asm,VALID,62756,70,944931,
mdadm.asm,VALID,54248,61,820819,
mdns.asm,VALID,3605,48,54608,
memcheck-mips32-linux.asm,VALID,273759,131,3556567,
meshd-nl80211.asm,VALID,10145,54,155243,
meshd.asm,VALID,8668,53,133591,
mkdir.asm,VALID,62756,70,944931,
mke2fs.asm,VALID,19482,64,297484,
mkfifo.asm,VALID,62756,70,944931,
mkfs.ext2.asm,VALID,19482,64,297484,
mkfs.ext3.asm,VALID,19482,64,297484,
mkfs.ext4.asm,VALID,19482,64,297484,
mkfs.f2fs.asm,VALID,3343,58,52019,
mkfs.xfs.asm,VALID,59614,67,912664,
mknod.asm,VALID,62756,70,944931,
mkswap.asm,VALID,62756,70,944931,
mktemp.asm,VALID,62756,70,944931,
modinfo.asm,VALID,2056,41,30323,
modprobe.asm,VALID,2056,41,30323,
mon.asm,VALID,1372,49,20810,
mount-utils_2.29.2-1_mipsel_mips32_mount.asm,VALID,2420,38,36264,
mount-utils_2.29.2-1_mipsel_mips32_umount.asm,VALID,1766,36,26619,
mount.asm,VALID,62756,70,944931,
mount.fuse.asm,VALID,677,29,10013,
mountd.asm,VALID,1802,42,27137,
mountpoint.asm,VALID,622,32,9472,
mpcd.asm,VALID,4949,55,76701,
mtd.asm,VALID,3895,48,59574,
mv.asm,VALID,62756,70,944931,
namei.asm,VALID,2346,50,35766,
nc.asm,VALID,62756,70,944931,
ndpexhaust6.asm,VALID,5944,51,90985,
netifd.asm,VALID,20582,49,310085,
netmsg.asm,VALID,62756,70,944931,
netstat.asm,VALID,62756,70,944931,
nft.asm,VALID,25982,81,382597,
nice.asm,VALID,62756,70,944931,
nm.asm,VALID,4347,46,67158,
nmbd.asm,VALID,263321,71,3946031,
nmblookup.asm,VALID,37691,64,559052,
node_query6.asm,VALID,6192,51,95151,
none-mips32-linux.asm,VALID,241882,114,3079898,
nslookup.asm,VALID,62756,70,944931,
nstat.asm,VALID,2323,45,34949,
ntpd.asm,VALID,62756,70,944931,
objcopy.asm,VALID,29879,57,457289,
objdump.asm,VALID,36957,59,572077,
odhcp6c.asm,VALID,6907,61,107999,
odhcpd.asm,VALID,9660,58,146622,
omcproxy.asm,VALID,4457,58,67768,
openssl.asm,VALID,22167,55,334651,
openvpn-mbedtls_2.4.4-4_mipsel_mips32_openvpn.asm,VALID,71530,63,1077102,
openvpn-openssl_2.4.4-4_mipsel_mips32_openvpn.asm,VALID,73089,63,1100158,
openvpn.asm,VALID,33799,62,510856,
owipcalc.asm,VALID,926,33,13794,
parasite6.asm,VALID,6404,53,98405,
parse.f2fs.asm,VALID,728,29,10926,
partx.asm,VALID,9572,51,146564,
passive_discovery6.asm,VALID,6050,51,92962,
passwd.asm,VALID,62756,70,944931,
pgrep.asm,VALID,62756,70,944931,
pidof.asm,VALID,62756,70,944931,
ping.asm,VALID,62756,70,944931,
ping6.asm,VALID,62756,70,944931,
pivot_root.asm,VALID,62756,70,944931,
poweroff.asm,VALID,62756,70,944931,
ppp-multilink_2.4.7-12_mipsel_mips32_pppd.asm,VALID,28337,55,430651,
pppd.asm,VALID,22818,55,349395,
pppdump.asm,VALID,5008,53,77477,
pppoe-discovery.asm,VALID,1561,42,23729,
pppstats.asm,VALID,1552,34,23464,
printf.asm,VALID,62756,70,944931,
prlimit.asm,VALID,1948,46,29252,
ps.asm,VALID,62756,70,944931,
pwd.asm,VALID,62756,70,944931,
px5g-standalone_6_mipsel_mips32_px5g.asm,VALID,20415,61,307112,
px5g.asm,VALID,952,34,14166,
randicmp6.asm,VALID,5868,51,89796,
ranlib.asm,VALID,7000,48,107814,
readelf.asm,VALID,44425,58,710500,
readlink.asm,VALID,62756,70,944931,
reboot.asm,VALID,62756,70,944931,
redir6.asm,VALID,6399,51,98369,
relayd.asm,VALID,2038,41,31257,
rename.asm,VALID,514,30,7702,
reset.asm,VALID,62756,70,944931,
resize2fs.asm,VALID,10563,60,158671,
resolveip.asm,VALID,323,28,4745,
rm.asm,VALID,62756,70,944931,
rmdir.asm,VALID,62756,70,944931,
rmmod.asm,VALID,2056,41,30323,
route.asm,VALID,62756,70,944931,
rpcd.asm,VALID,4877,47,73045,
rsmurf6.asm,VALID,5859,51,89873,
rssileds.asm,VALID,649,39,9580,
saaldump.asm,VALID,3275,52,54214,
samba_multicall.asm,VALID,263321,71,3946031,
scp.asm,VALID,29448,64,439941,
script.asm,VALID,2286,41,35536,
scriptreplay.asm,VALID,1628,48,24372,
sed.asm,VALID,62756,70,944931,
sendpees6.asm,VALID,5688,51,87236,
sendpeesmp6.asm,VALID,5688,51,87236,
seq.asm,VALID,62756,70,944931,
setterm.asm,VALID,2765,50,42628,
sfdisk.asm,VALID,11060,57,168655,
sh.asm,VALID,62756,70,944931,
sha256sum.asm,VALID,62756,70,944931,
signify.asm,VALID,3557,48,54984,
size.asm,VALID,3466,40,53330,
sleep.asm,VALID,62756,70,944931,
smbclient.asm,VALID,141688,72,2136807,
smbd.asm,VALID,263321,71,3946031,
smbpasswd.asm,VALID,263321,71,3946031,
smurf6.asm,VALID,5856,51,89842,
sockd.asm,VALID,105349,65,1673820,
soloscli.asm,VALID,708,29,10581,
sonetdiag.asm,VALID,500,31,7490,
sort.asm,VALID,62756,70,944931,
spidev_test.asm,VALID,701,38,10778,
ss.asm,VALID,10517,56,161797,
ssh.asm,VALID,29448,64,439941,
start-stop-daemon.asm,VALID,62756,70,944931,
strace.asm,VALID,23614,56,361903,
strings.asm,VALID,62756,70,944931,
strip.asm,VALID,29879,57,457289,
svc_recv.asm,VALID,494,31,7490,
svc_send.asm,VALID,401,32,5976,
swap-utils_2.29.2-1_mipsel_mips32_mkswap.asm,VALID,7885,53,120729,
swaplabel.asm,VALID,765,33,11543,
swconfig.asm,VALID,2298,39,35219,
switch_root.asm,VALID,62756,70,944931,
sync.asm,VALID,62756,70,944931,
sysctl.asm,VALID,62756,70,944931,
systool.asm,VALID,2090,40,31789,
tail.asm,VALID,62756,70,944931,
tar.asm,VALID,62756,70,944931,
tc.asm,VALID,23216,56,353193,
tcpdump-mini_4.9.2-1_mipsel_mips32_tcpdump.asm,VALID,36110,61,541479,
tcpdump.asm,VALID,84683,61,1271267,
tee.asm,VALID,62756,70,944931,
test.asm,VALID,62756,70,944931,
tftpd.asm,VALID,1193,43,17923,
thcping6.asm,VALID,7660,52,117481,
time.asm,VALID,62756,70,944931,
toobig6.asm,VALID,6287,51,96594,
top.asm,VALID,62756,70,944931,
touch.asm,VALID,62756,70,944931,
tr.asm,VALID,62756,70,944931,
trace-cmd.asm,VALID,51064,61,769066,
trace6.asm,VALID,7261,51,111819,
tracepath.asm,VALID,1040,48,15865,
tracepath6.asm,VALID,1251,51,19466,
traceroute.asm,VALID,62756,70,944931,
traceroute6.asm,VALID,62756,70,944931,
true.asm,VALID,62756,70,944931,
ttcp_atm.asm,VALID,1935,44,29627,
tune2fs.asm,VALID,16115,61,246627,
tune2fs_1.43.3-2_mipsel_mips32_findfs.asm,VALID,16115,61,246627,
ubus.asm,VALID,616,38,9184,
ubusd.asm,VALID,2594,43,38823,
uci.asm,VALID,1507,31,22411,
uclient-fetch.asm,VALID,1360,47,20313,
udhcpc.asm,VALID,62756,70,944931,
ugps.asm,VALID,633,30,9284,
uhttpd.asm,VALID,5291,51,80007,
ulockmgr_server.asm,VALID,892,35,13197,
umdns.asm,VALID,3686,48,55832,
umount.asm,VALID,62756,70,944931,
uname.asm,VALID,62756,70,944931,
uniq.asm,VALID,62756,70,944931,
uptime.asm,VALID,62756,70,944931,
usbmode.asm,VALID,1251,42,18657,
usbreset.asm,VALID,623,30,9126,
usign.asm,VALID,3557,48,54984,
uuidd.asm,VALID,2564,53,38908,
uuidgen.asm,VALID,389,29,5849,
valgrind-di-server.asm,VALID,3025,47,46070,
valgrind-listener.asm,VALID,792,39,11955,
valgrind.asm,VALID,2226,50,33940,
validate_data.asm,VALID,672,31,9996,
vgdb.asm,VALID,5687,45,87127,
vi.asm,VALID,62756,70,944931,
wall.asm,VALID,2064,49,31098,
wc.asm,VALID,62756,70,944931,
wg.asm,VALID,8267,56,123299,
wget.asm,VALID,1360,47,20313,
whereis.asm,VALID,2025,36,31487,
which.asm,VALID,62756,70,944931,
wipefs.asm,VALID,2526,48,37705,
wpa-supplicant-mesh_2016-12-19-ad02e79d-7_mipsel_mips32_wpa_supplicant.asm,VALID,132326,64,1987851,
wpa-supplicant-mini_2016-12-19-ad02e79d-7_mipsel_mips32_wpa_supplicant.asm,VALID,55809,62,837047,
wpa-supplicant_2016-12-19-ad02e79d-7_mipsel_mips32_wpa_supplicant.asm,VALID,113373,67,1709012,
wpa_cli.asm,VALID,4744,50,70291,
wpa_supplicant.asm,VALID,170153,67,2561540,
wpad-mesh_2016-12-19-ad02e79d-7_mipsel_mips32_hostapd.asm,VALID,158607,64,2381380,
wpad-mesh_2016-12-19-ad02e79d-7_mipsel_mips32_wpa_supplicant.asm,VALID,158607,64,2381380,
wpad-mesh_2016-12-19-ad02e79d-7_mipsel_mips32_wpad.asm,VALID,158607,64,2381380,
wpad-mini_2016-12-19-ad02e79d-7_mipsel_mips32_hostapd.asm,VALID,98649,63,1481468,
wpad-mini_2016-12-19-ad02e79d-7_mipsel_mips32_wpa_supplicant.asm,VALID,98649,63,1481468,
wpad-mini_2016-12-19-ad02e79d-7_mipsel_mips32_wpad.asm,VALID,98649,63,1481468,
wpad.asm,VALID,167323,67,2518063,
wpad_2016-12-19-ad02e79d-7_mipsel_mips32_wpa_supplicant.asm,VALID,167323,67,2518063,
xargs.asm,VALID,62756,70,944931,
xfs_db.asm,VALID,73549,67,1121778,
xfs_growfs.asm,VALID,50401,65,768838,
xfs_repair.asm,VALID,99239,67,1512571,
xtables-multi.asm,VALID,8654,47,132873,
yes.asm,VALID,62756,70,944931,
zcat.asm,VALID,62756,70,944931,
zeppelin.asm,VALID,7264,58,113541,
