atm-debug-tools_2.5.2-5_mipsel_mips32_ilmidiag,Benign,8216,2.984,MIPS,EXEC,SYSTEMV,10,2,0,1,1,1,1,3,15,27
ld,Benign,1162675,5.909,MIPS,EXEC,SYSTEMV,11,2,0,1,1,1,1,3,205,523
hostapd_2016-12-19-ad02e79d-7_mipsel_mips32_hostapd,Benign,661160,5.989,MIPS,EXEC,SYSTEMV,9,2,0,1,1,1,1,5,165,180
printf,Benign,451896,5.966,MIPS,EXEC,SYSTEMV,8,2,0,1,1,0,1,2,314,334
dmesg,Benign,451896,5.966,MIPS,EXEC,SYSTEMV,8,2,0,1,1,0,1,2,314,334
atmloop,Benign,8216,3.046,MIPS,EXEC,SYSTEMV,10,2,0,1,1,1,1,3,15,28
pppoe-discovery,Benign,12328,5.538,MIPS,EXEC,SYSTEMV,10,2,0,1,1,1,1,2,42,55
logd,Benign,12712,4.344,MIPS,EXEC,SYSTEMV,10,2,0,1,1,1,1,4,53,65
svc_recv,Benign,8216,3.184,MIPS,EXEC,SYSTEMV,10,2,0,1,1,1,1,3,22,34
spidev_test,Benign,8264,4.325,MIPS,EXEC,SYSTEMV,10,2,0,1,1,1,1,2,19,30
nc,Benign,451896,5.966,MIPS,EXEC,SYSTEMV,8,2,0,1,1,0,1,2,314,334
meshd,Benign,57400,5.826,MIPS,EXEC,SYSTEMV,10,2,0,1,1,1,1,4,98,182
c++filt,Benign,24723,5.13,MIPS,EXEC,SYSTEMV,10,2,0,1,1,1,1,3,72,104
lldpd,Benign,187715,6.01,MIPS,EXEC,SYSTEMV,10,2,0,1,1,1,1,3,143,283
rssileds,Benign,8216,3.68,MIPS,EXEC,SYSTEMV,10,2,0,1,1,1,1,6,24,35
ld.bfd,Benign,1162675,5.909,MIPS,EXEC,SYSTEMV,11,2,0,1,1,1,1,3,205,523
look,Benign,8243,4.345,MIPS,EXEC,SYSTEMV,10,2,0,1,1,1,1,2,37,52
ubusd,Benign,24776,5.119,MIPS,EXEC,SYSTEMV,10,2,0,1,1,1,1,5,64,77
bridge,Benign,45327,5.821,MIPS,EXEC,SYSTEMV,9,2,0,1,1,1,1,2,74,116
readelf,Benign,487923,6.296,MIPS,EXEC,SYSTEMV,11,2,0,1,1,1,1,2,68,177
flood_router26,Benign,53304,5.577,MIPS,EXEC,SYSTEMV,10,2,0,1,1,1,1,3,61,75
mkswap,Benign,451896,5.966,MIPS,EXEC,SYSTEMV,8,2,0,1,1,0,1,2,314,334
parse.f2fs,Benign,8264,4.083,MIPS,EXEC,SYSTEMV,10,2,0,1,1,1,1,2,21,34
nm,Benign,37543,5.566,MIPS,EXEC,SYSTEMV,10,2,0,1,1,1,1,3,91,128
mv,Benign,451896,5.966,MIPS,EXEC,SYSTEMV,8,2,0,1,1,0,1,2,314,334
hostapd_cli,Benign,51320,5.859,MIPS,EXEC,SYSTEMV,9,2,0,1,1,0,1,2,87,102
netifd,Benign,132680,5.754,MIPS,EXEC,SYSTEMV,10,2,0,1,1,1,1,8,177,192
prlimit,Benign,25275,5.149,MIPS,EXEC,SYSTEMV,10,2,0,1,1,1,1,3,72,92
gdb,Benign,4539491,6.049,MIPS,EXEC,SYSTEMV,11,2,0,1,1,1,1,4,320,397
exploit6,Benign,53320,5.601,MIPS,EXEC,SYSTEMV,10,2,0,1,1,1,1,3,59,72
bzip2,Benign,29059,5.7,MIPS,EXEC,SYSTEMV,10,2,0,1,1,1,1,3,59,93
conntrackd,Benign,177352,5.953,MIPS,EXEC,SYSTEMV,10,2,0,1,1,1,1,7,206,512
swap-utils_2.29.2-1_mipsel_mips32_mkswap,Benign,70403,5.706,MIPS,EXEC,SYSTEMV,10,2,0,1,1,1,1,4,135,212
gzip,Benign,451896,5.966,MIPS,EXEC,SYSTEMV,8,2,0,1,1,0,1,2,314,334
iwconfig,Benign,49224,5.853,MIPS,EXEC,SYSTEMV,9,2,0,1,1,1,1,2,60,73
passwd,Benign,451896,5.966,MIPS,EXEC,SYSTEMV,8,2,0,1,1,0,1,2,314,334
sysctl,Benign,451896,5.966,MIPS,EXEC,SYSTEMV,8,2,0,1,1,0,1,2,314,334
wg,Benign,54360,5.607,MIPS,EXEC,SYSTEMV,10,2,0,1,1,1,1,3,119,133
eapol_test,Benign,606824,5.977,MIPS,EXEC,SYSTEMV,9,2,0,1,1,1,1,3,108,121
time,Benign,451896,5.966,MIPS,EXEC,SYSTEMV,8,2,0,1,1,0,1,2,314,334
uptime,Benign,451896,5.966,MIPS,EXEC,SYSTEMV,8,2,0,1,1,0,1,2,314,334
tc,Benign,261947,6,MIPS,EXEC,SYSTEMV,9,2,0,1,1,1,1,2,109,158
du,Benign,451896,5.966,MIPS,EXEC,SYSTEMV,8,2,0,1,1,0,1,2,314,334
valgrind,Benign,16424,4.834,MIPS,EXEC,SYSTEMV,10,2,0,1,1,1,1,2,36,47
mdadm,Benign,353384,5.972,MIPS,EXEC,SYSTEMV,9,2,0,1,1,1,1,2,141,156
detect-new-ip6,Benign,49208,5.606,MIPS,EXEC,SYSTEMV,10,2,0,1,1,1,1,3,60,73
denial6,Benign,53304,5.732,MIPS,EXEC,SYSTEMV,10,2,0,1,1,1,1,3,59,72
wget,Benign,16424,5.065,MIPS,EXEC,SYSTEMV,10,2,0,1,1,1,1,4,61,76
objdump,Benign,347879,6.041,MIPS,EXEC,SYSTEMV,11,2,0,1,1,1,1,4,142,311
bzip2_1.0.6-4_mipsel_mips32_bzip2,Benign,29059,5.7,MIPS,EXEC,SYSTEMV,10,2,0,1,1,1,1,3,59,93
blkdiscard,Benign,20803,4.954,MIPS,EXEC,SYSTEMV,10,2,0,1,1,1,1,2,64,85
mcookie,Benign,24903,5.236,MIPS,EXEC,SYSTEMV,10,2,0,1,1,1,1,2,71,97
iperf3,Benign,90856,5.758,MIPS,EXEC,SYSTEMV,10,2,0,1,1,1,1,2,115,130
getopt,Benign,12323,4.161,MIPS,EXEC,SYSTEMV,10,2,0,1,1,1,1,2,40,51
cp,Benign,451896,5.966,MIPS,EXEC,SYSTEMV,8,2,0,1,1,0,1,2,314,334
mountpoint,Benign,8223,4.171,MIPS,EXEC,SYSTEMV,10,2,0,1,1,1,1,5,40,50
aread,Benign,4120,4.49,MIPS,EXEC,SYSTEMV,10,2,0,1,1,1,1,3,18,30
atm-debug-tools_2.5.2-5_mipsel_mips32_sonetdiag,Benign,8296,3.177,MIPS,EXEC,SYSTEMV,10,2,0,1,1,1,1,3,14,25
kill_router6,Benign,49224,5.758,MIPS,EXEC,SYSTEMV,10,2,0,1,1,1,1,3,58,71
none-mips32-linux,Benign,1716900,6.236,MIPS,EXEC,SYSTEMV,5,2,0,0,0,0,1,0,0,0
pgrep,Benign,451896,5.966,MIPS,EXEC,SYSTEMV,8,2,0,1,1,0,1,2,314,334
adb,Benign,140248,5.865,MIPS,EXEC,SYSTEMV,10,2,0,1,1,1,1,4,142,155
objcopy,Benign,223715,5.911,MIPS,EXEC,SYSTEMV,11,2,0,1,1,1,1,3,158,276
wpad_2016-12-19-ad02e79d-7_mipsel_mips32_wpa_supplicant,Benign,1050296,5.98,MIPS,EXEC,SYSTEMV,9,2,0,1,1,1,1,5,182,197
nslookup,Benign,451896,5.966,MIPS,EXEC,SYSTEMV,8,2,0,1,1,0,1,2,314,334
chgrp,Benign,451896,5.966,MIPS,EXEC,SYSTEMV,8,2,0,1,1,0,1,2,314,334
tracepath,Benign,8232,4.958,MIPS,EXEC,SYSTEMV,10,2,0,1,1,1,1,2,32,47
ln,Benign,451896,5.966,MIPS,EXEC,SYSTEMV,8,2,0,1,1,0,1,2,314,334
nstat,Benign,16431,5.349,MIPS,EXEC,SYSTEMV,9,2,0,1,1,1,1,2,66,83
find,Benign,451896,5.966,MIPS,EXEC,SYSTEMV,8,2,0,1,1,0,1,2,314,334
fake_router26,Benign,57448,5.824,MIPS,EXEC,SYSTEMV,10,2,0,1,1,1,1,3,59,73
dnsmasq,Benign,289992,5.854,MIPS,EXEC,SYSTEMV,9,2,0,1,1,1,1,7,178,198
cut,Benign,451896,5.966,MIPS,EXEC,SYSTEMV,8,2,0,1,1,0,1,2,314,334
lua,Benign,12335,4.195,MIPS,EXEC,SYSTEMV,10,2,0,1,1,1,1,3,51,66
fusermount,Benign,20520,5.206,MIPS,EXEC,SYSTEMV,10,2,0,1,1,1,1,2,66,80
uci,Benign,12328,5.199,MIPS,EXEC,SYSTEMV,10,2,0,1,1,1,1,4,50,65
fake_mipv6,Benign,49208,5.572,MIPS,EXEC,SYSTEMV,10,2,0,1,1,1,1,3,57,69
xfs_db,Benign,463624,5.919,MIPS,EXEC,SYSTEMV,10,2,0,1,1,1,1,3,120,136
env,Benign,451896,5.966,MIPS,EXEC,SYSTEMV,8,2,0,1,1,0,1,2,314,334
lldpctl,Benign,82223,5.9,MIPS,EXEC,SYSTEMV,10,2,0,1,1,1,1,3,77,96
iwpan,Benign,25656,4.939,MIPS,EXEC,SYSTEMV,10,2,0,1,1,1,1,4,69,81
atm-debug-tools_2.5.2-5_mipsel_mips32_ttcp_atm,Benign,17624,5.558,MIPS,EXEC,SYSTEMV,10,2,0,1,1,1,1,3,57,73
owipcalc,Benign,12728,5.25,MIPS,EXEC,SYSTEMV,10,2,0,1,1,1,1,2,22,33
netstat,Benign,451896,5.966,MIPS,EXEC,SYSTEMV,8,2,0,1,1,0,1,2,314,334
sed,Benign,451896,5.966,MIPS,EXEC,SYSTEMV,8,2,0,1,1,0,1,2,314,334
memcheck-mips32-linux,Benign,1975060,6.277,MIPS,EXEC,SYSTEMV,5,2,0,0,0,0,1,0,0,0
maccalc,Benign,4264,4.955,MIPS,EXEC,SYSTEMV,9,2,0,1,1,0,1,2,12,23
iptaccount,Benign,8216,4.14,MIPS,EXEC,SYSTEMV,10,2,0,1,1,1,1,3,22,34
ls,Benign,451896,5.966,MIPS,EXEC,SYSTEMV,8,2,0,1,1,0,1,2,314,334
tail,Benign,451896,5.966,MIPS,EXEC,SYSTEMV,8,2,0,1,1,0,1,2,314,334
cal,Benign,45787,5.479,MIPS,EXEC,SYSTEMV,10,2,0,1,1,1,1,3,106,143
zcat,Benign,451896,5.966,MIPS,EXEC,SYSTEMV,8,2,0,1,1,0,1,2,314,334
gdbserver,Benign,300491,6.101,MIPS,EXEC,SYSTEMV,11,2,0,1,1,1,1,1,134,157
address6,Benign,49208,5.684,MIPS,EXEC,SYSTEMV,10,2,0,1,1,1,1,3,57,69
rmdir,Benign,451896,5.966,MIPS,EXEC,SYSTEMV,8,2,0,1,1,0,1,2,314,334
tee,Benign,451896,5.966,MIPS,EXEC,SYSTEMV,8,2,0,1,1,0,1,2,314,334
tr,Benign,451896,5.966,MIPS,EXEC,SYSTEMV,8,2,0,1,1,0,1,2,314,334
usbreset,Benign,8216,3.637,MIPS,EXEC,SYSTEMV,10,2,0,1,1,1,1,2,24,36
mount,Benign,451896,5.966,MIPS,EXEC,SYSTEMV,8,2,0,1,1,0,1,2,314,334
agetty,Benign,46175,5.295,MIPS,EXEC,SYSTEMV,10,2,0,1,1,1,1,2,138,159
pppstats,Benign,12312,4.711,MIPS,EXEC,SYSTEMV,10,2,0,1,1,1,1,2,32,47
sort,Benign,451896,5.966,MIPS,EXEC,SYSTEMV,8,2,0,1,1,0,1,2,314,334
yes,Benign,451896,5.966,MIPS,EXEC,SYSTEMV,8,2,0,1,1,0,1,2,314,334
atmswitch,Benign,8216,3.281,MIPS,EXEC,SYSTEMV,10,2,0,1,1,1,1,3,21,36
wall,Benign,20827,5.253,MIPS,EXEC,SYSTEMV,10,2,0,1,1,1,1,2,87,107
strace,Benign,557160,4.886,MIPS,EXEC,SYSTEMV,10,2,0,1,1,1,1,2,121,135
br2684ctl,Benign,8216,5.044,MIPS,EXEC,SYSTEMV,10,2,0,1,1,1,1,3,37,51
false,Benign,451896,5.966,MIPS,EXEC,SYSTEMV,8,2,0,1,1,0,1,2,314,334
samba_multicall,Benign,1684216,5.808,MIPS,EXEC,SYSTEMV,9,2,0,1,1,1,1,2,279,295
whereis,Benign,16667,5.411,MIPS,EXEC,SYSTEMV,10,2,0,1,1,1,1,2,63,76
drd-mips32-linux,Benign,1827556,6.251,MIPS,EXEC,SYSTEMV,5,2,0,0,0,0,1,0,0,0
fsync,Benign,451896,5.966,MIPS,EXEC,SYSTEMV,8,2,0,1,1,0,1,2,314,334
detect_sniffer6,Benign,53304,5.404,MIPS,EXEC,SYSTEMV,10,2,0,1,1,1,1,3,59,72
umount,Benign,451896,5.966,MIPS,EXEC,SYSTEMV,8,2,0,1,1,0,1,2,314,334
ash,Benign,451896,5.966,MIPS,EXEC,SYSTEMV,8,2,0,1,1,0,1,2,314,334
cachegrind-mips32-linux,Benign,1749700,6.244,MIPS,EXEC,SYSTEMV,5,2,0,0,0,0,1,0,0,0
smurf6,Benign,49208,5.547,MIPS,EXEC,SYSTEMV,10,2,0,1,1,1,1,3,57,69
clockdiff,Benign,12328,4.531,MIPS,EXEC,SYSTEMV,10,2,0,1,1,1,1,2,36,50
callgrind-mips32-linux,Benign,1860388,6.257,MIPS,EXEC,SYSTEMV,5,2,0,0,0,0,1,0,0,0
bsdiff,Benign,12312,5.059,MIPS,EXEC,SYSTEMV,10,2,0,1,1,1,1,3,22,33
fake_solicitate6,Benign,49208,5.671,MIPS,EXEC,SYSTEMV,10,2,0,1,1,1,1,3,58,71
dos-new-ip6,Benign,49208,5.68,MIPS,EXEC,SYSTEMV,10,2,0,1,1,1,1,3,60,72
cfdisk,Benign,75011,5.634,MIPS,EXEC,SYSTEMV,10,2,0,1,1,1,1,8,246,286
toobig6,Benign,49208,5.604,MIPS,EXEC,SYSTEMV,10,2,0,1,1,1,1,3,56,68
wpad-mesh_2016-12-19-ad02e79d-7_mipsel_mips32_hostapd,Benign,1025688,5.976,MIPS,EXEC,SYSTEMV,9,2,0,1,1,1,1,7,425,440
start-stop-daemon,Benign,451896,5.966,MIPS,EXEC,SYSTEMV,8,2,0,1,1,0,1,2,314,334
resize2fs,Benign,62179,5.509,MIPS,EXEC,SYSTEMV,9,2,0,1,1,1,1,5,167,192
atm-debug-tools_2.5.2-5_mipsel_mips32_atmswitch,Benign,8216,3.281,MIPS,EXEC,SYSTEMV,10,2,0,1,1,1,1,3,21,36
covert_send6d,Benign,49208,5.441,MIPS,EXEC,SYSTEMV,10,2,0,1,1,1,1,3,56,68
wpa_supplicant,Benign,1066664,5.985,MIPS,EXEC,SYSTEMV,9,2,0,1,1,1,1,3,151,164
modinfo,Benign,16408,4.602,MIPS,EXEC,SYSTEMV,10,2,0,1,1,1,1,3,49,62
fake_dns6d,Benign,49208,5.699,MIPS,EXEC,SYSTEMV,10,2,0,1,1,1,1,3,57,69
dump_router6,Benign,53320,5.526,MIPS,EXEC,SYSTEMV,10,2,0,1,1,1,1,3,59,72
atmarp,Benign,8216,4.496,MIPS,EXEC,SYSTEMV,10,2,0,1,1,1,1,3,26,39
busybox_1.25.1-4_mipsel_mips32_ip,Benign,451896,5.966,MIPS,EXEC,SYSTEMV,8,2,0,1,1,0,1,2,314,334
blkid,Benign,78723,5.706,MIPS,EXEC,SYSTEMV,10,2,0,1,1,1,1,4,163,240
bzcat,Benign,451896,5.966,MIPS,EXEC,SYSTEMV,8,2,0,1,1,0,1,2,314,334
xargs,Benign,451896,5.966,MIPS,EXEC,SYSTEMV,8,2,0,1,1,0,1,2,314,334
fake_router6,Benign,53320,5.55,MIPS,EXEC,SYSTEMV,10,2,0,1,1,1,1,3,58,71
awk,Benign,451896,5.966,MIPS,EXEC,SYSTEMV,8,2,0,1,1,0,1,2,314,334
id,Benign,451896,5.966,MIPS,EXEC,SYSTEMV,8,2,0,1,1,0,1,2,314,334
filefrag,Benign,12511,4.837,MIPS,EXEC,SYSTEMV,9,2,0,1,1,1,1,3,34,54
flood_advertise6,Benign,49208,5.622,MIPS,EXEC,SYSTEMV,10,2,0,1,1,1,1,3,59,72
lsmod,Benign,16408,4.602,MIPS,EXEC,SYSTEMV,10,2,0,1,1,1,1,3,49,62
free,Benign,451896,5.966,MIPS,EXEC,SYSTEMV,8,2,0,1,1,0,1,2,314,334
which,Benign,451896,5.966,MIPS,EXEC,SYSTEMV,8,2,0,1,1,0,1,2,314,334
ipset-dns,Benign,8216,4.533,MIPS,EXEC,SYSTEMV,10,2,0,1,1,1,1,3,36,48
atmdiag,Benign,4136,4.338,MIPS,EXEC,SYSTEMV,10,2,0,1,1,1,1,3,12,23
true,Benign,451896,5.966,MIPS,EXEC,SYSTEMV,8,2,0,1,1,0,1,2,314,334
mapcalc,Benign,12312,4.362,MIPS,EXEC,SYSTEMV,10,2,0,1,1,1,1,4,29,41
tune2fs,Benign,130799,5.838,MIPS,EXEC,SYSTEMV,9,2,0,1,1,1,1,6,225,335
swconfig,Benign,20815,5.203,MIPS,EXEC,SYSTEMV,10,2,0,1,1,1,1,5,50,72
flood_mldrouter6,Benign,49208,5.577,MIPS,EXEC,SYSTEMV,10,2,0,1,1,1,1,3,60,73
wpad-mini_2016-12-19-ad02e79d-7_mipsel_mips32_wpa_supplicant,Benign,616056,5.997,MIPS,EXEC,SYSTEMV,9,2,0,1,1,1,1,5,173,188
chattr,Benign,8223,4.088,MIPS,EXEC,SYSTEMV,9,2,0,1,1,1,1,4,26,36
pidof,Benign,451896,5.966,MIPS,EXEC,SYSTEMV,8,2,0,1,1,0,1,2,314,334
iputils-ping_20101006-1_mipsel_mips32_ping,Benign,29000,5.767,MIPS,EXEC,SYSTEMV,10,2,0,1,1,1,1,2,64,79
logread,Benign,12312,4.89,MIPS,EXEC,SYSTEMV,10,2,0,1,1,1,1,6,58,73
arptables,Benign,46408,5.704,MIPS,EXEC,SYSTEMV,10,2,0,1,1,1,1,2,56,72
dnsrevenum6,Benign,53320,5.67,MIPS,EXEC,SYSTEMV,10,2,0,1,1,1,1,3,68,82
mkfs.ext4,Benign,147271,5.878,MIPS,EXEC,SYSTEMV,9,2,0,1,1,1,1,6,237,346
mkdir,Benign,451896,5.966,MIPS,EXEC,SYSTEMV,8,2,0,1,1,0,1,2,314,334
ilmidiag,Benign,8216,2.984,MIPS,EXEC,SYSTEMV,10,2,0,1,1,1,1,3,15,27
tcpdump-mini_4.9.2-1_mipsel_mips32_tcpdump,Benign,334504,6.001,MIPS,EXEC,SYSTEMV,9,2,0,1,1,1,1,3,129,145
mtd,Benign,28792,5.585,MIPS,EXEC,SYSTEMV,10,2,0,1,1,1,1,3,51,66
fake_dnsupdate6,Benign,49208,5.676,MIPS,EXEC,SYSTEMV,10,2,0,1,1,1,1,3,61,73
iconv,Benign,28807,5.312,MIPS,EXEC,SYSTEMV,10,2,0,1,1,1,1,3,60,88
reset,Benign,451896,5.966,MIPS,EXEC,SYSTEMV,8,2,0,1,1,0,1,2,314,334
svc_send,Benign,4120,4.748,MIPS,EXEC,SYSTEMV,10,2,0,1,1,1,1,3,18,30
ebtables,Benign,4123,3.401,MIPS,EXEC,SYSTEMV,10,2,0,1,1,1,1,24,6,16
dd,Benign,451896,5.966,MIPS,EXEC,SYSTEMV,8,2,0,1,1,0,1,2,314,334
odhcpd,Benign,66040,5.574,MIPS,EXEC,SYSTEMV,10,2,0,1,1,1,1,6,149,163
ntpd,Benign,451896,5.966,MIPS,EXEC,SYSTEMV,8,2,0,1,1,0,1,2,314,334
poweroff,Benign,451896,5.966,MIPS,EXEC,SYSTEMV,8,2,0,1,1,0,1,2,314,334
wc,Benign,451896,5.966,MIPS,EXEC,SYSTEMV,8,2,0,1,1,0,1,2,314,334
ranlib,Benign,57907,5.498,MIPS,EXEC,SYSTEMV,10,2,0,1,1,1,1,3,102,202
genl,Benign,16491,5.251,MIPS,EXEC,SYSTEMV,9,2,0,1,1,1,1,2,32,51
ping,Benign,451896,5.966,MIPS,EXEC,SYSTEMV,8,2,0,1,1,0,1,2,314,334
pivot_root,Benign,451896,5.966,MIPS,EXEC,SYSTEMV,8,2,0,1,1,0,1,2,314,334
lsattr,Benign,8223,3.272,MIPS,EXEC,SYSTEMV,9,2,0,1,1,1,1,4,26,36
wpad-mesh_2016-12-19-ad02e79d-7_mipsel_mips32_wpad,Benign,1025688,5.976,MIPS,EXEC,SYSTEMV,9,2,0,1,1,1,1,7,425,440
uuidd,Benign,29131,5.001,MIPS,EXEC,SYSTEMV,10,2,0,1,1,1,1,3,95,116
script,Benign,16423,5.276,MIPS,EXEC,SYSTEMV,10,2,0,1,1,1,1,2,72,84
mountd,Benign,24600,5.304,MIPS,EXEC,SYSTEMV,10,2,0,1,1,1,1,4,69,81
mkfs.xfs,Benign,299448,5.953,MIPS,EXEC,SYSTEMV,10,2,0,1,1,1,1,3,103,118
bunzip2,Benign,451896,5.966,MIPS,EXEC,SYSTEMV,8,2,0,1,1,0,1,2,314,334
flood_mld6,Benign,49208,5.593,MIPS,EXEC,SYSTEMV,10,2,0,1,1,1,1,3,60,73
meshd-nl80211,Benign,73800,5.705,MIPS,EXEC,SYSTEMV,10,2,0,1,1,1,1,5,127,214
chat,Benign,18008,5.568,MIPS,EXEC,SYSTEMV,9,2,0,1,1,0,1,2,46,58
lsblk,Benign,66447,5.679,MIPS,EXEC,SYSTEMV,10,2,0,1,1,1,1,6,168,228
relayd,Benign,20616,5.115,MIPS,EXEC,SYSTEMV,10,2,0,1,1,1,1,3,43,76
pwd,Benign,451896,5.966,MIPS,EXEC,SYSTEMV,8,2,0,1,1,0,1,2,314,334
date,Benign,451896,5.966,MIPS,EXEC,SYSTEMV,8,2,0,1,1,0,1,2,314,334
basename,Benign,451896,5.966,MIPS,EXEC,SYSTEMV,8,2,0,1,1,0,1,2,314,334
logger,Benign,451896,5.966,MIPS,EXEC,SYSTEMV,8,2,0,1,1,0,1,2,314,334
ifconfig,Benign,451896,5.966,MIPS,EXEC,SYSTEMV,8,2,0,1,1,0,1,2,314,334
bus,Benign,45256,5.49,MIPS,EXEC,SYSTEMV,10,2,0,1,1,1,1,3,54,70
xfs_growfs,Benign,258216,5.896,MIPS,EXEC,SYSTEMV,10,2,0,1,1,1,1,3,96,112
flood_dhcpc6,Benign,53384,5.553,MIPS,EXEC,SYSTEMV,10,2,0,1,1,1,1,3,60,75
top,Benign,451896,5.966,MIPS,EXEC,SYSTEMV,8,2,0,1,1,0,1,2,314,334
mkfifo,Benign,451896,5.966,MIPS,EXEC,SYSTEMV,8,2,0,1,1,0,1,2,314,334
lock,Benign,451896,5.966,MIPS,EXEC,SYSTEMV,8,2,0,1,1,0,1,2,314,334
partx,Benign,78979,5.62,MIPS,EXEC,SYSTEMV,10,2,0,1,1,1,1,5,147,228
sh,Benign,451896,5.966,MIPS,EXEC,SYSTEMV,8,2,0,1,1,0,1,2,314,334
sha256sum,Benign,451896,5.966,MIPS,EXEC,SYSTEMV,8,2,0,1,1,0,1,2,314,334
awrite,Benign,4120,4.052,MIPS,EXEC,SYSTEMV,10,2,0,1,1,1,1,3,18,29
redir6,Benign,49208,5.62,MIPS,EXEC,SYSTEMV,10,2,0,1,1,1,1,3,57,69
ilmid,Benign,58328,5.438,MIPS,EXEC,SYSTEMV,10,2,0,1,1,1,1,3,61,75
atm-debug-tools_2.5.2-5_mipsel_mips32_atmaddr,Benign,8216,3.048,MIPS,EXEC,SYSTEMV,10,2,0,1,1,1,1,3,16,28
iptables,Benign,62680,5.893,MIPS,EXEC,SYSTEMV,9,2,0,1,1,1,1,8,128,154
atm-diagnostics_2.5.2-5_mipsel_mips32_aread,Benign,4120,4.49,MIPS,EXEC,SYSTEMV,10,2,0,1,1,1,1,3,18,30
atm-debug-tools_2.5.2-5_mipsel_mips32_atmdump,Benign,8232,3.565,MIPS,EXEC,SYSTEMV,10,2,0,1,1,1,1,3,20,34
netmsg,Benign,451896,5.966,MIPS,EXEC,SYSTEMV,8,2,0,1,1,0,1,2,314,334
iwpriv,Benign,49224,5.853,MIPS,EXEC,SYSTEMV,9,2,0,1,1,1,1,2,60,73
ping6,Benign,451896,5.966,MIPS,EXEC,SYSTEMV,8,2,0,1,1,0,1,2,314,334
atm-atmdiag_2.5.2-5_mipsel_mips32_atmdiag,Benign,4136,4.338,MIPS,EXEC,SYSTEMV,10,2,0,1,1,1,1,3,12,23
dnsdict6,Benign,256856,5.529,MIPS,EXEC,SYSTEMV,10,2,0,1,1,1,1,2,42,57
halt,Benign,451896,5.966,MIPS,EXEC,SYSTEMV,8,2,0,1,1,0,1,2,314,334
zeppelin,Benign,45112,5.797,MIPS,EXEC,SYSTEMV,10,2,0,1,1,1,1,3,54,67
iptables-save,Benign,62680,5.893,MIPS,EXEC,SYSTEMV,9,2,0,1,1,1,1,8,128,154
mke2fs,Benign,147271,5.878,MIPS,EXEC,SYSTEMV,9,2,0,1,1,1,1,6,237,346
sleep,Benign,451896,5.966,MIPS,EXEC,SYSTEMV,8,2,0,1,1,0,1,2,314,334
mknod,Benign,451896,5.966,MIPS,EXEC,SYSTEMV,8,2,0,1,1,0,1,2,314,334
fake_mldrouter6,Benign,49208,5.663,MIPS,EXEC,SYSTEMV,10,2,0,1,1,1,1,3,59,71
tune2fs_1.43.3-2_mipsel_mips32_findfs,Benign,130799,5.838,MIPS,EXEC,SYSTEMV,9,2,0,1,1,1,1,6,225,335
fake_mld26,Benign,53304,5.51,MIPS,EXEC,SYSTEMV,10,2,0,1,1,1,1,3,59,71
cg_merge,Benign,16424,5.048,MIPS,EXEC,SYSTEMV,10,2,0,1,1,1,1,2,20,32
busybox,Benign,451896,5.966,MIPS,EXEC,SYSTEMV,8,2,0,1,1,0,1,2,314,334
iftop,Benign,53672,5.474,MIPS,EXEC,SYSTEMV,10,2,0,1,1,1,1,4,125,147
atm-debug-tools_2.5.2-5_mipsel_mips32_atmtcp,Benign,16472,5.541,MIPS,EXEC,SYSTEMV,10,2,0,1,1,1,1,3,50,64
hostapd-mini_2016-12-19-ad02e79d-7_mipsel_mips32_hostapd,Benign,386664,5.932,MIPS,EXEC,SYSTEMV,9,2,0,1,1,1,1,5,153,168
mkfs.ext2,Benign,147271,5.878,MIPS,EXEC,SYSTEMV,9,2,0,1,1,1,1,6,237,346
as,Benign,517375,5.996,MIPS,EXEC,SYSTEMV,11,2,0,1,1,1,1,4,161,733
fake_dhcps6,Benign,53304,5.578,MIPS,EXEC,SYSTEMV,10,2,0,1,1,1,1,3,59,71
ulockmgr_server,Benign,8216,4.955,MIPS,EXEC,SYSTEMV,10,2,0,1,1,1,1,2,39,50
dropbear,Benign,176520,5.893,MIPS,EXEC,SYSTEMV,9,2,0,1,1,1,1,2,170,185
login,Benign,451896,5.966,MIPS,EXEC,SYSTEMV,8,2,0,1,1,0,1,2,314,334
passive_discovery6,Benign,49224,5.766,MIPS,EXEC,SYSTEMV,10,2,0,1,1,1,1,3,61,76
fsck.ext2,Benign,319327,5.879,MIPS,EXEC,SYSTEMV,9,2,0,1,1,1,1,6,371,639
grep,Benign,451896,5.966,MIPS,EXEC,SYSTEMV,8,2,0,1,1,0,1,2,314,334
delpart,Benign,16615,4.722,MIPS,EXEC,SYSTEMV,10,2,0,1,1,1,1,2,50,69
route,Benign,451896,5.966,MIPS,EXEC,SYSTEMV,8,2,0,1,1,0,1,2,314,334
covert_send6,Benign,49208,5.441,MIPS,EXEC,SYSTEMV,10,2,0,1,1,1,1,3,56,68
validate_data,Benign,8216,3.668,MIPS,EXEC,SYSTEMV,10,2,0,1,1,1,1,5,12,23
atm-debug-tools_2.5.2-5_mipsel_mips32_aread,Benign,4120,4.49,MIPS,EXEC,SYSTEMV,10,2,0,1,1,1,1,3,18,30
fdisk,Benign,101939,5.556,MIPS,EXEC,SYSTEMV,10,2,0,1,1,1,1,6,304,397
trace-cmd,Benign,297551,5.983,MIPS,EXEC,SYSTEMV,11,2,0,1,1,1,1,2,142,524
dirname,Benign,451896,5.966,MIPS,EXEC,SYSTEMV,8,2,0,1,1,0,1,2,314,334
[,Benign,451896,5.966,MIPS,EXEC,SYSTEMV,8,2,0,1,1,0,1,2,314,334
odhcp6c,Benign,41352,5.597,MIPS,EXEC,SYSTEMV,10,2,0,1,1,1,1,3,82,97
ssh,Benign,176520,5.893,MIPS,EXEC,SYSTEMV,9,2,0,1,1,1,1,2,170,185
size,Benign,28983,5.22,MIPS,EXEC,SYSTEMV,10,2,0,1,1,1,1,3,77,119
cmp,Benign,451896,5.966,MIPS,EXEC,SYSTEMV,8,2,0,1,1,0,1,2,314,334
rpcd,Benign,45304,5.201,MIPS,EXEC,SYSTEMV,10,2,0,1,1,1,1,7,128,142
strings,Benign,451896,5.966,MIPS,EXEC,SYSTEMV,8,2,0,1,1,0,1,2,314,334
atmarpd,Benign,32824,5.64,MIPS,EXEC,SYSTEMV,10,2,0,1,1,1,1,3,67,82
rmmod,Benign,16408,4.602,MIPS,EXEC,SYSTEMV,10,2,0,1,1,1,1,3,49,62
flock,Benign,20867,5.266,MIPS,EXEC,SYSTEMV,10,2,0,1,1,1,1,2,75,98
iperf,Benign,73912,5.728,MIPS,EXEC,SYSTEMV,11,2,0,1,1,1,1,3,114,129
massif-mips32-linux,Benign,1749732,6.243,MIPS,EXEC,SYSTEMV,5,2,0,0,0,0,1,0,0,0
echo,Benign,451896,5.966,MIPS,EXEC,SYSTEMV,8,2,0,1,1,0,1,2,314,334
atm-debug-tools_2.5.2-5_mipsel_mips32_esi,Benign,4120,4.46,MIPS,EXEC,SYSTEMV,10,2,0,1,1,1,1,3,16,28
atm-debug-tools_2.5.2-5_mipsel_mips32_atmdiag,Benign,4136,4.338,MIPS,EXEC,SYSTEMV,10,2,0,1,1,1,1,3,12,23
openvpn,Benign,180359,5.915,MIPS,EXEC,SYSTEMV,9,2,0,1,1,1,1,3,121,142
px5g,Benign,12312,4.018,MIPS,EXEC,SYSTEMV,9,2,0,1,1,1,1,5,47,60
atmaddr,Benign,8216,3.048,MIPS,EXEC,SYSTEMV,10,2,0,1,1,1,1,3,16,28
atm-debug-tools_2.5.2-5_mipsel_mips32_atmsigd,Benign,213880,5.027,MIPS,EXEC,SYSTEMV,10,2,0,1,1,1,1,3,80,97
6rdcalc,Benign,4120,4.267,MIPS,EXEC,SYSTEMV,10,2,0,1,1,1,1,2,14,26
alive6,Benign,79688,5.853,MIPS,EXEC,SYSTEMV,10,2,0,1,1,1,1,3,69,84
valgrind-listener,Benign,8216,4.925,MIPS,EXEC,SYSTEMV,10,2,0,1,1,1,1,2,28,40
vgdb,Benign,41032,5.599,MIPS,EXEC,SYSTEMV,10,2,0,1,1,1,1,2,61,73
traceroute,Benign,451896,5.966,MIPS,EXEC,SYSTEMV,8,2,0,1,1,0,1,2,314,334
killall,Benign,451896,5.966,MIPS,EXEC,SYSTEMV,8,2,0,1,1,0,1,2,314,334
pppd,Benign,236056,5.83,MIPS,EXEC,SYSTEMV,9,2,0,1,1,1,1,2,139,595
igmpproxy,Benign,28728,5.671,MIPS,EXEC,SYSTEMV,10,2,0,1,1,1,1,2,45,58
losetup,Benign,74615,5.731,MIPS,EXEC,SYSTEMV,10,2,0,1,1,1,1,3,127,218
atmsigd,Benign,213880,5.027,MIPS,EXEC,SYSTEMV,10,2,0,1,1,1,1,3,80,97
pppdump,Benign,42104,5.488,MIPS,EXEC,SYSTEMV,9,2,0,1,1,0,1,2,23,38
head,Benign,451896,5.966,MIPS,EXEC,SYSTEMV,8,2,0,1,1,0,1,2,314,334
openvpn-openssl_2.4.4-4_mipsel_mips32_openvpn,Benign,409735,6.035,MIPS,EXEC,SYSTEMV,9,2,0,1,1,1,1,5,317,338
wpa_cli,Benign,78312,6.004,MIPS,EXEC,SYSTEMV,9,2,0,1,1,0,1,2,86,101
addpart,Benign,16615,4.797,MIPS,EXEC,SYSTEMV,10,2,0,1,1,1,1,2,50,69
ebtables-restore,Benign,8216,3.806,MIPS,EXEC,SYSTEMV,10,2,0,1,1,1,1,24,20,36
helgrind-mips32-linux,Benign,1876740,6.28,MIPS,EXEC,SYSTEMV,5,2,0,0,0,0,1,0,0,0
ttcp_atm,Benign,17624,5.558,MIPS,EXEC,SYSTEMV,10,2,0,1,1,1,1,3,57,73
atm-debug-tools_2.5.2-5_mipsel_mips32_svc_recv,Benign,8216,3.184,MIPS,EXEC,SYSTEMV,10,2,0,1,1,1,1,3,22,34
atm-debug-tools_2.5.2-5_mipsel_mips32_ilmid,Benign,58328,5.438,MIPS,EXEC,SYSTEMV,10,2,0,1,1,1,1,3,61,75
systool,Benign,16440,5.496,MIPS,EXEC,SYSTEMV,10,2,0,1,1,1,1,3,53,68
mktemp,Benign,451896,5.966,MIPS,EXEC,SYSTEMV,8,2,0,1,1,0,1,2,314,334
nmblookup,Benign,240792,5.589,MIPS,EXEC,SYSTEMV,9,2,0,1,1,1,1,2,139,153
ar,Benign,57891,5.503,MIPS,EXEC,SYSTEMV,10,2,0,1,1,1,1,3,102,202
rename,Benign,8223,4.184,MIPS,EXEC,SYSTEMV,10,2,0,1,1,1,1,2,35,45
dmesg_2.29.2-1_mipsel_mips32_dmesg,Benign,50927,5.496,MIPS,EXEC,SYSTEMV,10,2,0,1,1,1,1,2,124,161
wpad-mini_2016-12-19-ad02e79d-7_mipsel_mips32_hostapd,Benign,616056,5.997,MIPS,EXEC,SYSTEMV,9,2,0,1,1,1,1,5,173,188
iwlist,Benign,49224,5.853,MIPS,EXEC,SYSTEMV,9,2,0,1,1,1,1,2,60,73
tar,Benign,451896,5.966,MIPS,EXEC,SYSTEMV,8,2,0,1,1,0,1,2,314,334
fsck.f2fs,Benign,102504,6.132,MIPS,EXEC,SYSTEMV,10,2,0,1,1,1,1,4,81,97
openssl,Benign,507967,5.894,MIPS,EXEC,SYSTEMV,9,2,0,1,1,1,1,4,1167,1296
node_query6,Benign,49224,5.684,MIPS,EXEC,SYSTEMV,10,2,0,1,1,1,1,3,59,72
ugps,Benign,12392,4.668,MIPS,EXEC,SYSTEMV,10,2,0,1,1,1,1,4,59,73
dnsmasq-dhcpv6_2.78-6_mipsel_mips32_dnsmasq,Benign,249032,5.838,MIPS,EXEC,SYSTEMV,9,2,0,1,1,1,1,2,153,170
lldpcli,Benign,82223,5.9,MIPS,EXEC,SYSTEMV,10,2,0,1,1,1,1,3,77,96
mpcd,Benign,32808,5.453,MIPS,EXEC,SYSTEMV,10,2,0,1,1,1,1,3,46,60
atm-atmdump_2.5.2-5_mipsel_mips32_atmdump,Benign,8232,3.565,MIPS,EXEC,SYSTEMV,10,2,0,1,1,1,1,3,20,34
signify,Benign,24600,5.349,MIPS,EXEC,SYSTEMV,10,2,0,1,1,1,1,3,30,78
debugfs,Benign,204971,5.932,MIPS,EXEC,SYSTEMV,9,2,0,1,1,1,1,7,264,382
atm-debug-tools_2.5.2-5_mipsel_mips32_awrite,Benign,4120,4.052,MIPS,EXEC,SYSTEMV,10,2,0,1,1,1,1,3,18,29
sfdisk,Benign,95543,5.648,MIPS,EXEC,SYSTEMV,10,2,0,1,1,1,1,6,258,334
udhcpc,Benign,451896,5.966,MIPS,EXEC,SYSTEMV,8,2,0,1,1,0,1,2,314,334
hwclock,Benign,451896,5.966,MIPS,EXEC,SYSTEMV,8,2,0,1,1,0,1,2,314,334
wipefs,Benign,24923,5.236,MIPS,EXEC,SYSTEMV,10,2,0,1,1,1,1,4,84,105
tftpd,Benign,12568,4.334,MIPS,EXEC,SYSTEMV,10,2,0,1,1,1,1,2,43,55
atmdump,Benign,8232,3.565,MIPS,EXEC,SYSTEMV,10,2,0,1,1,1,1,3,20,34
uclient-fetch,Benign,16424,5.065,MIPS,EXEC,SYSTEMV,10,2,0,1,1,1,1,4,61,76
e2fsck,Benign,319327,5.879,MIPS,EXEC,SYSTEMV,9,2,0,1,1,1,1,6,371,639
jshn,Benign,12328,3.984,MIPS,EXEC,SYSTEMV,10,2,0,1,1,1,1,5,47,68
atm-debug-tools_2.5.2-5_mipsel_mips32_bus,Benign,45256,5.49,MIPS,EXEC,SYSTEMV,10,2,0,1,1,1,1,3,54,70
expr,Benign,451896,5.966,MIPS,EXEC,SYSTEMV,8,2,0,1,1,0,1,2,314,334
ppp-multilink_2.4.7-12_mipsel_mips32_pppd,Benign,265048,5.833,MIPS,EXEC,SYSTEMV,9,2,0,1,1,1,1,2,146,645
dropbearconvert,Benign,45080,5.943,MIPS,EXEC,SYSTEMV,9,2,0,1,1,1,1,2,38,52
tcpdump,Benign,826040,6.113,MIPS,EXEC,SYSTEMV,9,2,0,1,1,1,1,3,135,151
valgrind-di-server,Benign,24616,5.571,MIPS,EXEC,SYSTEMV,10,2,0,1,1,1,1,2,40,52
iputils-ping6_20101006-1_mipsel_mips32_ping6,Benign,28920,5.245,MIPS,EXEC,SYSTEMV,10,2,0,1,1,1,1,2,66,81
logger_2.29.2-1_mipsel_mips32_logger,Benign,33459,5.508,MIPS,EXEC,SYSTEMV,10,2,0,1,1,1,1,2,88,122
saaldump,Benign,81752,4.473,MIPS,EXEC,SYSTEMV,10,2,0,1,1,1,1,3,24,38
binutils_2.27-1_mipsel_mips32_strings,Benign,24903,5.549,MIPS,EXEC,SYSTEMV,10,2,0,1,1,1,1,3,77,111
flood_router6,Benign,49208,5.676,MIPS,EXEC,SYSTEMV,10,2,0,1,1,1,1,3,60,74
vi,Benign,451896,5.966,MIPS,EXEC,SYSTEMV,8,2,0,1,1,0,1,2,314,334
wpa-supplicant-mesh_2016-12-19-ad02e79d-7_mipsel_mips32_wpa_supplicant,Benign,833160,5.936,MIPS,EXEC,SYSTEMV,9,2,0,1,1,1,1,5,382,395
fake_advertise6,Benign,53304,5.523,MIPS,EXEC,SYSTEMV,10,2,0,1,1,1,1,3,58,72
cat,Benign,451896,5.966,MIPS,EXEC,SYSTEMV,8,2,0,1,1,0,1,2,314,334
uuidgen,Benign,8223,3.072,MIPS,EXEC,SYSTEMV,10,2,0,1,1,1,1,3,29,39
reboot,Benign,451896,5.966,MIPS,EXEC,SYSTEMV,8,2,0,1,1,0,1,2,314,334
kill,Benign,451896,5.966,MIPS,EXEC,SYSTEMV,8,2,0,1,1,0,1,2,314,334
smbclient,Benign,958008,5.799,MIPS,EXEC,SYSTEMV,9,2,0,1,1,1,1,4,182,201
flood_solicitate6,Benign,49208,5.677,MIPS,EXEC,SYSTEMV,10,2,0,1,1,1,1,3,59,72
sonetdiag,Benign,8296,3.177,MIPS,EXEC,SYSTEMV,10,2,0,1,1,1,1,3,14,25
atm-awrite_2.5.2-5_mipsel_mips32_awrite,Benign,4120,4.052,MIPS,EXEC,SYSTEMV,10,2,0,1,1,1,1,3,18,29
brctl,Benign,451896,5.966,MIPS,EXEC,SYSTEMV,8,2,0,1,1,0,1,2,314,334
fuzz_ip6,Benign,63416,5.783,MIPS,EXEC,SYSTEMV,10,2,0,1,1,1,1,3,58,73
atm-debug-tools_2.5.2-5_mipsel_mips32_saaldump,Benign,81752,4.473,MIPS,EXEC,SYSTEMV,10,2,0,1,1,1,1,3,24,38
setterm,Benign,33119,5.245,MIPS,EXEC,SYSTEMV,10,2,0,1,1,1,1,3,71,91
xtables-multi,Benign,62680,5.893,MIPS,EXEC,SYSTEMV,9,2,0,1,1,1,1,8,128,154
fragmentation6,Benign,90168,5.84,MIPS,EXEC,SYSTEMV,10,2,0,1,1,1,1,3,59,74
mkfs.f2fs,Benign,24712,5.62,MIPS,EXEC,SYSTEMV,10,2,0,1,1,1,1,4,54,67
iptables-restore,Benign,62680,5.893,MIPS,EXEC,SYSTEMV,9,2,0,1,1,1,1,8,128,154
soloscli,Benign,8216,3.742,MIPS,EXEC,SYSTEMV,10,2,0,1,1,1,1,2,15,26
nft,Benign,266664,5.717,MIPS,EXEC,SYSTEMV,10,2,0,1,1,1,1,4,219,235
chown,Benign,451896,5.966,MIPS,EXEC,SYSTEMV,8,2,0,1,1,0,1,2,314,334
ubus,Benign,12328,4.937,MIPS,EXEC,SYSTEMV,10,2,0,1,1,1,1,6,39,54
thcping6,Benign,61512,5.526,MIPS,EXEC,SYSTEMV,10,2,0,1,1,1,1,3,63,78
hwclock_2.29.2-1_mipsel_mips32_hwclock,Benign,45623,5.671,MIPS,EXEC,SYSTEMV,10,2,0,1,1,1,1,2,96,128
arping,Benign,12344,5.159,MIPS,EXEC,SYSTEMV,10,2,0,1,1,1,1,3,45,60
lsusb,Benign,86056,5.821,MIPS,EXEC,SYSTEMV,10,2,0,1,1,1,1,2,59,74
implementation6,Benign,98376,5.826,MIPS,EXEC,SYSTEMV,10,2,0,1,1,1,1,3,59,74
ps,Benign,451896,5.966,MIPS,EXEC,SYSTEMV,8,2,0,1,1,0,1,2,314,334
fuzz_dhcps6,Benign,59000,5.886,MIPS,EXEC,SYSTEMV,10,2,0,1,1,1,1,3,59,74
atm-debug-tools_2.5.2-5_mipsel_mips32_mpcd,Benign,32808,5.453,MIPS,EXEC,SYSTEMV,10,2,0,1,1,1,1,3,46,60
smbd,Benign,1684216,5.808,MIPS,EXEC,SYSTEMV,9,2,0,1,1,1,1,2,279,295
gunzip,Benign,451896,5.966,MIPS,EXEC,SYSTEMV,8,2,0,1,1,0,1,2,314,334
inverse_lookup6,Benign,49208,5.658,MIPS,EXEC,SYSTEMV,10,2,0,1,1,1,1,3,57,69
wpa-supplicant_2016-12-19-ad02e79d-7_mipsel_mips32_wpa_supplicant,Benign,698024,5.936,MIPS,EXEC,SYSTEMV,9,2,0,1,1,1,1,3,146,159
uname,Benign,451896,5.966,MIPS,EXEC,SYSTEMV,8,2,0,1,1,0,1,2,314,334
bspatch,Benign,8216,3.72,MIPS,EXEC,SYSTEMV,10,2,0,1,1,1,1,3,22,33
dnsmasq_2.78-6_mipsel_mips32_dnsmasq,Benign,203976,5.813,MIPS,EXEC,SYSTEMV,9,2,0,1,1,1,1,2,150,167
lecs,Benign,24632,4.996,MIPS,EXEC,SYSTEMV,10,2,0,1,1,1,1,3,48,64
ipset,Benign,142392,5.507,MIPS,EXEC,SYSTEMV,10,2,0,1,1,1,1,3,82,95
sendpees6,Benign,49208,5.441,MIPS,EXEC,SYSTEMV,10,2,0,1,1,1,1,3,56,68
ss,Benign,70963,5.643,MIPS,EXEC,SYSTEMV,9,2,0,1,1,1,1,2,94,137
less,Benign,451896,5.966,MIPS,EXEC,SYSTEMV,8,2,0,1,1,0,1,2,314,334
uniq,Benign,451896,5.966,MIPS,EXEC,SYSTEMV,8,2,0,1,1,0,1,2,314,334
iwcap,Benign,12328,4.373,MIPS,EXEC,SYSTEMV,10,2,0,1,1,1,1,2,32,47
fsck.ext3,Benign,319327,5.879,MIPS,EXEC,SYSTEMV,9,2,0,1,1,1,1,6,371,639
wpa-supplicant-mini_2016-12-19-ad02e79d-7_mipsel_mips32_wpa_supplicant,Benign,378472,5.925,MIPS,EXEC,SYSTEMV,9,2,0,1,1,1,1,3,138,151
touch,Benign,451896,5.966,MIPS,EXEC,SYSTEMV,8,2,0,1,1,0,1,2,314,334
ip,Benign,315067,6.011,MIPS,EXEC,SYSTEMV,9,2,0,1,1,1,1,2,121,173
elfedit,Benign,29067,5.643,MIPS,EXEC,SYSTEMV,10,2,0,1,1,1,1,1,47,95
atm-debug-tools_2.5.2-5_mipsel_mips32_zeppelin,Benign,45112,5.797,MIPS,EXEC,SYSTEMV,10,2,0,1,1,1,1,3,54,67
crond,Benign,451896,5.966,MIPS,EXEC,SYSTEMV,8,2,0,1,1,0,1,2,314,334
atm-debug-tools_2.5.2-5_mipsel_mips32_les,Benign,53720,5.636,MIPS,EXEC,SYSTEMV,10,2,0,1,1,1,1,3,57,73
umdns,Benign,33096,5.345,MIPS,EXEC,SYSTEMV,10,2,0,1,1,1,1,6,81,95
atm-debug-tools_2.5.2-5_mipsel_mips32_atmloop,Benign,8216,3.046,MIPS,EXEC,SYSTEMV,10,2,0,1,1,1,1,3,15,28
chmod,Benign,451896,5.966,MIPS,EXEC,SYSTEMV,8,2,0,1,1,0,1,2,314,334
randicmp6,Benign,49208,5.619,MIPS,EXEC,SYSTEMV,10,2,0,1,1,1,1,3,58,71
findfs,Benign,8219,2.9,MIPS,EXEC,SYSTEMV,10,2,0,1,1,1,1,4,25,35
df,Benign,451896,5.966,MIPS,EXEC,SYSTEMV,8,2,0,1,1,0,1,2,314,334
addr2line,Benign,24919,5.505,MIPS,EXEC,SYSTEMV,10,2,0,1,1,1,1,3,79,117
resolveip,Benign,4120,4.098,MIPS,EXEC,SYSTEMV,10,2,0,1,1,1,1,2,13,26
implementation6d,Benign,49208,5.626,MIPS,EXEC,SYSTEMV,10,2,0,1,1,1,1,3,58,71
swaplabel,Benign,8227,4.715,MIPS,EXEC,SYSTEMV,10,2,0,1,1,1,1,4,44,55
getrandom,Benign,4120,3.901,MIPS,EXEC,SYSTEMV,10,2,0,1,1,1,1,2,12,24
mount-utils_2.29.2-1_mipsel_mips32_mount,Benign,28715,5.319,MIPS,EXEC,SYSTEMV,10,2,0,1,1,1,1,5,137,150
atm-debug-tools_2.5.2-5_mipsel_mips32_svc_send,Benign,4120,4.748,MIPS,EXEC,SYSTEMV,10,2,0,1,1,1,1,3,18,30
badblocks,Benign,20731,5.534,MIPS,EXEC,SYSTEMV,9,2,0,1,1,1,1,4,63,73
kexec-tools_2.0.14-rc1-1_mipsel_mips32_kexec,Benign,74488,6.014,MIPS,EXEC,SYSTEMV,9,2,0,1,1,1,1,3,68,84
sendpeesmp6,Benign,49208,5.441,MIPS,EXEC,SYSTEMV,10,2,0,1,1,1,1,3,56,68
nice,Benign,451896,5.966,MIPS,EXEC,SYSTEMV,8,2,0,1,1,0,1,2,314,334
fuzz_dhcpc6,Benign,63224,5.694,MIPS,EXEC,SYSTEMV,10,2,0,1,1,1,1,3,62,77
tracepath6,Benign,12344,4.099,MIPS,EXEC,SYSTEMV,10,2,0,1,1,1,1,2,34,49
conntrack,Benign,59531,5.114,MIPS,EXEC,SYSTEMV,10,2,0,1,1,1,1,5,114,133
ip-tiny_4.4.0-10-cake-legacy_mipsel_mips32_ip,Benign,220643,5.889,MIPS,EXEC,SYSTEMV,9,2,0,1,1,1,1,2,110,160
dropbearkey,Benign,176520,5.893,MIPS,EXEC,SYSTEMV,9,2,0,1,1,1,1,2,170,185
iputils-traceroute6_20101006-1_mipsel_mips32_traceroute6,Benign,12456,5.204,MIPS,EXEC,SYSTEMV,10,2,0,1,1,1,1,2,45,60
hexdump,Benign,451896,5.966,MIPS,EXEC,SYSTEMV,8,2,0,1,1,0,1,2,314,334
ead,Benign,230024,6.119,MIPS,EXEC,SYSTEMV,9,2,0,1,1,0,1,2,112,130
findmnt,Benign,50699,5.292,MIPS,EXEC,SYSTEMV,10,2,0,1,1,1,1,6,163,190
atmtcp,Benign,16472,5.541,MIPS,EXEC,SYSTEMV,10,2,0,1,1,1,1,3,50,64
md5sum,Benign,451896,5.966,MIPS,EXEC,SYSTEMV,8,2,0,1,1,0,1,2,314,334
fconfig,Benign,16648,4.847,MIPS,EXEC,SYSTEMV,10,2,0,1,1,1,1,2,26,39
smbpasswd,Benign,1684216,5.808,MIPS,EXEC,SYSTEMV,9,2,0,1,1,1,1,2,279,295
trace6,Benign,57416,5.706,MIPS,EXEC,SYSTEMV,10,2,0,1,1,1,1,3,61,76
esi,Benign,4120,4.46,MIPS,EXEC,SYSTEMV,10,2,0,1,1,1,1,3,16,28
les,Benign,53720,5.636,MIPS,EXEC,SYSTEMV,10,2,0,1,1,1,1,3,57,73
readlink,Benign,451896,5.966,MIPS,EXEC,SYSTEMV,8,2,0,1,1,0,1,2,314,334
strip,Benign,223731,5.908,MIPS,EXEC,SYSTEMV,11,2,0,1,1,1,1,3,158,276
chroot,Benign,451896,5.966,MIPS,EXEC,SYSTEMV,8,2,0,1,1,0,1,2,314,334
hostapd,Benign,1050296,5.98,MIPS,EXEC,SYSTEMV,9,2,0,1,1,1,1,5,182,197
mon,Benign,12312,4.969,MIPS,EXEC,SYSTEMV,10,2,0,1,1,1,1,2,37,72
rm,Benign,451896,5.966,MIPS,EXEC,SYSTEMV,8,2,0,1,1,0,1,2,314,334
scriptreplay,Benign,20791,4.716,MIPS,EXEC,SYSTEMV,10,2,0,1,1,1,1,2,66,85
curl,Benign,94987,5.799,MIPS,EXEC,SYSTEMV,9,2,0,1,1,1,1,6,108,183
omcproxy,Benign,37000,5.241,MIPS,EXEC,SYSTEMV,10,2,0,1,1,1,1,3,57,70
switch_root,Benign,451896,5.966,MIPS,EXEC,SYSTEMV,8,2,0,1,1,0,1,2,314,334
atm-debug-tools_2.5.2-5_mipsel_mips32_lecs,Benign,24632,4.996,MIPS,EXEC,SYSTEMV,10,2,0,1,1,1,1,3,48,64
egrep,Benign,451896,5.966,MIPS,EXEC,SYSTEMV,8,2,0,1,1,0,1,2,314,334
iw,Benign,91000,5.666,MIPS,EXEC,SYSTEMV,9,2,0,1,1,1,1,3,85,99
dbclient,Benign,176520,5.893,MIPS,EXEC,SYSTEMV,9,2,0,1,1,1,1,2,170,185
sync,Benign,451896,5.966,MIPS,EXEC,SYSTEMV,8,2,0,1,1,0,1,2,314,334
seq,Benign,451896,5.966,MIPS,EXEC,SYSTEMV,8,2,0,1,1,0,1,2,314,334
crontab,Benign,451896,5.966,MIPS,EXEC,SYSTEMV,8,2,0,1,1,0,1,2,314,334
fsck.ext4,Benign,319327,5.879,MIPS,EXEC,SYSTEMV,9,2,0,1,1,1,1,6,371,639
namei,Benign,20787,5.344,MIPS,EXEC,SYSTEMV,10,2,0,1,1,1,1,2,66,91
fake_mld6,Benign,49208,5.707,MIPS,EXEC,SYSTEMV,10,2,0,1,1,1,1,3,59,71
xfs_repair,Benign,508648,6.043,MIPS,EXEC,SYSTEMV,10,2,0,1,1,1,1,3,115,130
fgrep,Benign,451896,5.966,MIPS,EXEC,SYSTEMV,8,2,0,1,1,0,1,2,314,334
clear,Benign,451896,5.966,MIPS,EXEC,SYSTEMV,8,2,0,1,1,0,1,2,314,334
mount.fuse,Benign,8216,3.733,MIPS,EXEC,SYSTEMV,10,2,0,1,1,1,1,2,21,32
traceroute6,Benign,451896,5.966,MIPS,EXEC,SYSTEMV,8,2,0,1,1,0,1,2,314,334
px5g-standalone_6_mipsel_mips32_px5g,Benign,102424,6.003,MIPS,EXEC,SYSTEMV,9,2,0,1,1,1,1,2,28,41
wpad-mini_2016-12-19-ad02e79d-7_mipsel_mips32_wpad,Benign,616056,5.997,MIPS,EXEC,SYSTEMV,9,2,0,1,1,1,1,5,173,188
scp,Benign,176520,5.893,MIPS,EXEC,SYSTEMV,9,2,0,1,1,1,1,2,170,185
gprof,Benign,112107,5.96,MIPS,EXEC,SYSTEMV,11,2,0,1,1,1,1,3,74,221
modprobe,Benign,16408,4.602,MIPS,EXEC,SYSTEMV,10,2,0,1,1,1,1,3,49,62
parasite6,Benign,53320,5.759,MIPS,EXEC,SYSTEMV,10,2,0,1,1,1,1,3,63,77
uhttpd,Benign,45480,5.712,MIPS,EXEC,SYSTEMV,10,2,0,1,1,1,1,6,115,128
mdns,Benign,33096,5.24,MIPS,EXEC,SYSTEMV,10,2,0,1,1,1,1,6,79,93
mount-utils_2.29.2-1_mipsel_mips32_umount,Benign,20523,5.042,MIPS,EXEC,SYSTEMV,10,2,0,1,1,1,1,5,104,117
fw3,Benign,98680,5.762,MIPS,EXEC,SYSTEMV,9,2,0,1,1,1,1,11,158,185
wpad,Benign,1050296,5.98,MIPS,EXEC,SYSTEMV,9,2,0,1,1,1,1,5,182,197
mkfs.ext3,Benign,147271,5.878,MIPS,EXEC,SYSTEMV,9,2,0,1,1,1,1,6,237,346
wpad-mesh_2016-12-19-ad02e79d-7_mipsel_mips32_wpa_supplicant,Benign,1025688,5.976,MIPS,EXEC,SYSTEMV,9,2,0,1,1,1,1,7,425,440
[[,Benign,451896,5.966,MIPS,EXEC,SYSTEMV,8,2,0,1,1,0,1,2,314,334
insmod,Benign,16408,4.602,MIPS,EXEC,SYSTEMV,10,2,0,1,1,1,1,3,49,62
luac,Benign,12363,4.793,MIPS,EXEC,SYSTEMV,10,2,0,1,1,1,1,3,29,47
rsmurf6,Benign,49208,5.548,MIPS,EXEC,SYSTEMV,10,2,0,1,1,1,1,3,57,69
ndpexhaust6,Benign,49208,5.611,MIPS,EXEC,SYSTEMV,10,2,0,1,1,1,1,3,60,73
dumpe2fs,Benign,48031,5.481,MIPS,EXEC,SYSTEMV,9,2,0,1,1,1,1,6,117,147
f2fstat,Benign,8440,4.404,MIPS,EXEC,SYSTEMV,10,2,0,1,1,1,1,2,27,40
fibmap.f2fs,Benign,8216,3.465,MIPS,EXEC,SYSTEMV,10,2,0,1,1,1,1,2,20,32
openvpn-mbedtls_2.4.4-4_mipsel_mips32_openvpn,Benign,397447,6.042,MIPS,EXEC,SYSTEMV,9,2,0,1,1,1,1,6,226,247
jsonfilter,Benign,20600,4.911,MIPS,EXEC,SYSTEMV,9,2,0,1,1,1,1,4,49,63
e2freefrag,Benign,8335,4.726,MIPS,EXEC,SYSTEMV,9,2,0,1,1,1,1,4,31,41
kexec,Benign,74488,6.014,MIPS,EXEC,SYSTEMV,9,2,0,1,1,1,1,3,68,84
930acf8cd72e3f5edfe5eee163e0e701708167bd72e20a5a1641648cf2078579.elf,Malware,113916,5.628,MIPS,DYN,SYSTEMV,6,2,1,0,1,0,1,0,0,166
c0e572bb278fb7f035665a52ef03ddee2d482b6b29573fad1697c8b66355b7c3.elf,Malware,181852,5.052,MIPS,EXEC,SYSTEMV,3,2,1,0,0,0,1,0,0,0
b1d57fd6bcd109a99d5023d76767aa6fdb520138e4eaad2a9a48afb3b6fb98b6.elf,Malware,136800,7.811,MIPS,EXEC,SYSTEMV,2,2,0,0,0,0,0,0,0,0
9117ed1aedcf1af415fd096959d17eb386e870429621148fcfe758c9dd48c5ed.elf,Malware,20772,6.597,SH,EXEC,SYSTEMV,3,2,1,0,0,0,1,0,0,0
0f3b6cea0bf1a53f233565ef14577676c69bf5fee82ceca029e1287670fe4ff7.elf,Malware,125138,6.018,ARM,EXEC,ARM,3,2,1,0,0,0,1,0,0,0
58fbacdd6055f8f1672d64ec83dba0b46efd2acf4da846cf7fed28fd15042f96.elf,Malware,141288,5.241,X86_64,EXEC,SYSTEMV,3,2,0,0,0,0,1,0,0,0
22ea54360f7b59f926660f70b05b11f6b00bc1519b5114df06176d0c53003e24.elf,Malware,135784,7.815,MIPS,EXEC,SYSTEMV,2,2,0,0,0,0,0,0,0,0
76847058eeedd24ced98caf9803b6f5eb68ce7476b89d05c54c630fe60c65c8a.elf,Malware,113591,5.171,MIPS,EXEC,SYSTEMV,4,2,1,0,0,0,1,0,4,0
bf113dd0b032f4abd156a6fc9af4928463b3882e554eb1fea5b4df5885b58213.elf,Malware,93804,6.054,ARM,EXEC,ARM,6,2,1,1,1,0,1,2,8,93
cb5c5d9258952910faaba3f81e0860b6f717fde8bba543c3aa2f80655e17e87b.elf,Malware,199736,6.152,MIPS,EXEC,SYSTEMV,2,2,0,0,0,0,0,0,0,0
79c7c57600290bf10ec9cf82891b03750e49161e7d662a51e8167d93f99e4a04.elf,Malware,25612,7.99,MIPS,EXEC,SYSTEMV,2,2,0,0,0,0,0,0,0,0
f60a839b4bce2e10008b55d7913afc3fbeb37093cdea6dfa6e0e3e6af5af0ea4.elf,Malware,37476,7.993,MIPS,EXEC,SYSTEMV,2,2,0,0,0,0,0,0,0,0
fd452d2cfed222a167131237b4060cba8313faec887a4747682671baa0ee3ca3.elf,Malware,79608,6.032,PPC,EXEC,SYSTEMV,3,2,0,0,0,0,1,0,0,0
314d38af536dfe3357a8288eda13062c2f452208b55fa6c290fa9fa1b27bab52.elf,Malware,126966,7.819,I386,DYN,SYSTEMV,7,2,0,0,1,0,1,0,0,1
443e0fb4269edd6774e177eea038da095b43427f97b8f58cba701b583e5591f5.elf,Malware,136640,6.253,ARM,EXEC,ARM,6,2,1,1,1,0,1,2,8,96
dc33c6222faa55cb7e94b907eb02c330d2448fb594359e5b6db749dde9a4fc28.elf,Malware,157132,6.877,SH,EXEC,SYSTEMV,3,2,1,0,0,0,1,0,0,0
68f15087e64bd08ec305a99ee9c2f0ab16a24b28948b5e71841622ed67da67b0.elf,Malware,17524,7.985,MIPS,EXEC,SYSTEMV,2,2,0,0,0,0,0,0,0,0
041331a7f8ee39d151eaf454f0ded5f1d40da4210f2b9ae6d0ad1b7d9a89409f.elf,Malware,22916,7.989,MIPS,EXEC,SYSTEMV,2,2,0,0,0,0,0,0,0,0
1993ca03661ceda004963be1cbd133863062542636645bee674b32df2e03502f.elf,Malware,89480,5.456,MIPS,EXEC,SYSTEMV,3,2,1,0,0,0,1,0,0,0
fd6dd4a25fa4451d936e388e9240e48b381fe08018d8f31f1024ae54679827e5.elf,Malware,14828,7.982,MIPS,EXEC,SYSTEMV,2,2,0,0,0,0,0,0,0,0
76a4ec58fd4740d58e976f21687f941b514d1951f75fd3bb07774c2a546d46e4.elf,Malware,127076,7.82,I386,DYN,SYSTEMV,7,2,0,0,1,0,1,0,0,1
b2cc5ad7247be26a841db034090d14f9a980b4771dc95e9f4110f2066ac1236a.elf,Malware,4220752,6.649,X86_64,EXEC,SYSTEMV,9,4,0,0,0,1,1,0,0,0
91996022b87d6650742603c95ec20f35d4dc48d808bfba066ad75d36104fe51c.elf,Malware,137480,7.775,MIPS,EXEC,SYSTEMV,2,2,0,0,0,0,0,0,0,0
2cfdca173c2cf8cc5a12827385f6bb6d69ba5b690084784806aa868989686d3b.elf,Malware,160796,5.67,ARM,EXEC,SYSTEMV,3,2,1,0,0,0,1,0,0,0
f7375f0ae0287b6aa966ae8ade9cadbd13821544a242f8418554ec462b71f8fd.elf,Malware,137480,7.795,MIPS,EXEC,SYSTEMV,2,2,0,0,0,0,0,0,0,0
